probe	entrez	gene	pval.exp	odds.exp	pval.anthr	odds.exp.1	pval.expAnth	odds.expAnth	adjpval
205447_s_at	7786	MAP3K12	0.00201838860480863	0.159365206724269	0.000174138876637309	5.38007679496978	0.000428372416596101	9.42487767025828	0.236461573961048
207138_at	5253	PHF2	0.00605780212570117	0.191783643828693	0.000547281063515981	5.1166566534056	0.00140457409903683	7.01003227249786	0.292214357583845
209984_at	23081	KDM4C	0.00419900991184718	2.05144791865587	0.000375325949275251	3.19553424754617	0.00160269804296775	0.215101253086257	0.292214357583845
205448_s_at	7786	MAP3K12	0.00687740304311601	0.152132097916157	0.000542371265408903	4.85902231901347	0.00216106852900366	7.68212721353327	0.292214357583845
210053_at	6877	TAF5	0.00895275139361951	2.47426060615996	0.000320972314250434	2.90132243062765	0.00264686918101309	0.178703367696509	0.292214357583845
201353_s_at	11176	BAZ2A	0.00372259135811404	0.177854627242501	0.00102015313787096	3.25894483374533	0.00444680681722498	5.44314758418384	0.347654886635257
222093_s_at	83444	INO80B	0.0123997761780952	0.267857603319596	0.000891605078948476	3.48638884120371	0.00512037843559932	4.567176506924	0.347654886635257
212275_s_at	10847	SRCAP	0.0129056093630727	0.177170867172684	0.00122044486122175	4.79004860323401	0.00545295696363979	6.07103911286928	0.347654886635257
201643_x_at	51780	KDM3B	0.0192846582462707	0.326608344556173	0.000772156081184638	2.76316228614176	0.00595239442043283	4.91866414920268	0.347654886635257
218621_at	51409	HEMK1	0.0118477072435512	0.455332277177135	0.000930544838436131	3.63978258921399	0.00664537268147514	4.36576319414111	0.347654886635257
208067_x_at	7404	UTY	0.0113149290638739	0.266653918455261	0.000820349170221557	3.72218496953238	0.00743940582001623	4.00474580289796	0.347654886635257
219847_at	79885	HDAC11	0.024060821647078	0.295194283451158	0.00112669992621683	3.97335390667987	0.00755771492685342	4.01174793964008	0.347654886635257
212452_x_at	23522	KAT6B	0.00647496895634736	0.116119455401903	0.00081610229834006	7.58998838399137	0.00902322706438896	7.07922930304086	0.359762178773238
214496_x_at	23522	KAT6B	0.0146154204861179	0.142316380847946	0.00108858295845615	7.16408958989638	0.00984138591042194	6.49423336956694	0.359762178773238
201354_s_at	11176	BAZ2A	0.00205155632580223	0.197128538179345	0.00193588597602623	3.85128743474061	0.0104163327253689	4.24809042513694	0.359762178773238
220083_x_at	51377	UCHL5	0.0371602566602454	1.98206809617245	0.00113729891612502	2.42968698075396	0.010427889239804	0.270632123824151	0.359762178773238
219497_s_at	53335	BCL11A	0.0439861707562146	1.6554722458634	0.00146029283670834	2.24217155452862	0.0142970601771616	0.305791756184794	0.396101779508381
216711_s_at	6872	TAF1	0.0100729477333216	0.240611343857296	0.00150745788955509	3.7372016194937	0.0154026731692755	3.88397044298568	0.396101779508381
205659_at	9734	HDAC9	0.0373091238593163	1.99840779125172	0.00114942692613651	2.27453554959521	0.0154721894347778	0.330547394979205	0.396101779508381
202484_s_at	8932	MBD2	0.0508283169076695	2.58931368336581	0.00214442999984232	3.39163080266649	0.0157477830661403	0.306639948478135	0.396101779508381
218620_s_at	51409	HEMK1	0.055063236262145	0.373410922598425	0.00207894220592086	3.75958462781809	0.016091653084414	3.50097989299177	0.396101779508381
209259_s_at	9126	SMC3	0.0545228966649357	3.02665569286546	0.00186744806990691	3.37931850056611	0.0185254257877766	0.262017094670639	0.396101779508381
207591_s_at	8289	ARID1A	0.021509708537321	0.22122155168603	0.00254127149113681	4.32964774570916	0.0188650685760172	4.25349442702175	0.396101779508381
215616_s_at	23030	KDM4B	0.0118269172144115	0.16806372705955	0.00202441824874222	5.05065816555202	0.0190504159058427	4.64903764786519	0.396101779508381
203347_s_at	22823	MTF2	0.0641313753904044	1.99593457729121	0.00189043499750596	2.81701418953948	0.0191240619940287	0.284155115095348	0.396101779508381
214501_s_at	9555	H2AFY	0.0660895303616018	0.489301939361798	0.00183426615880544	2.9974936165972	0.0197980894948881	3.17750447387032	0.396101779508381
219623_at	79913	ACTR5	0.0148504708500135	0.290341304387329	0.00207677090817238	3.57165949703578	0.0198595996585892	3.49079907247234	0.396101779508381
205070_at	54556	ING3	0.0637140422130702	2.09380970562004	0.00180121649000009	3.59909808623764	0.0200921192504251	0.286980325266894	0.396101779508381
201459_at	10856	RUVBL2	0.0716834716974399	0.366307374367928	0.00324963554442637	3.33056483700864	0.0237897302421834	3.29049802786692	0.447267261137839
204900_x_at	8819	SAP30	0.00172770952078605	4.73676995344722	0.00248284773647267	2.95740671908184	0.025117927760008	0.305086023786766	0.447267261137839
212495_at	23030	KDM4B	0.0352099533468124	0.242833553863522	0.00270263916005953	4.38213280250908	0.0256824861510332	3.78960304051184	0.447267261137839
203358_s_at	2146	EZH2	0.00828932186926024	4.56524644050273	0.00218904232555606	3.3520845135632	0.0259285368775559	0.298171929910682	0.447267261137839
208583_x_at	8331	HIST1H2AJ	0.0179825401802389	0.669477948005542	0.00268869160101504	3.42528613336113	0.0273359067324767	3.07091350494199	0.457255167161428
201320_at	6601	SMARCC2	0.0307338722430182	0.28832786398136	0.00276241853212678	3.38388102736294	0.028603832366897	3.27676021836467	0.460645305675311
208741_at	10284	SAP18	0.00170143219469976	0.155258888321924	0.00353877764075305	4.18045423550648	0.02934822355514	3.78294847931859	0.460645305675311
212496_s_at	23030	KDM4B	0.0168131363014609	0.216126623962886	0.00272977282508402	4.13349999574718	0.0300420851527377	3.48975383157604	0.460645305675311
217707_x_at	6595	SMARCA2	0.0189514558789987	1.53520076379723	0.00273040843734829	3.14148090806491	0.031259962405617	0.29458103549307	0.464825989369662
216023_at	23030	KDM4B	0.0237374596296025	0.306978520199952	0.00304487728812575	3.50209106310372	0.0335251228141745	3.08623289065866	0.464825989369662
211874_s_at	23522	KAT6B	0.0303555352205113	0.187076181302322	0.00192884404218041	6.04802839535188	0.0335808568806253	4.51998249067358	0.464825989369662
204899_s_at	8819	SAP30	0.0043699441321271	4.22751465253661	0.00343987287024483	2.64824593599623	0.0336830427079465	0.326556958562352	0.464825989369662
204667_at	3169	FOXA1	0.052312066998204	0.350177186267332	0.00205250990393879	2.29177682835698	0.0367579278341088	2.75727292392403	0.484853090667832
207168_s_at	9555	H2AFY	0.0676479722507533	0.740567948866067	0.00212401114474137	2.85319032506832	0.03722293215867	2.67080887032268	0.484853090667832
216955_at	6872	TAF1	0.084346508049912	0.416200659969592	0.0031295121413093	3.40526690186954	0.0389366125580065	2.89963837437562	0.484853090667832
203793_x_at	7703	PCGF2	0.10957166581633	0.256116463928398	0.004204324733034	5.25033654436503	0.0406015147194565	4.22503821678676	0.484853090667832
221863_at	54531	MIER2	0.016252381058925	0.28898690239906	0.00401602707791171	3.81545508567351	0.0406236535686414	2.92912755574486	0.484853090667832
208551_at	8369	HIST1H4G	0.11064408031389	0.371846944858835	0.00389110301675732	3.62011041284141	0.0414958130899252	3.33490888822587	0.484853090667832
203792_x_at	7703	PCGF2	0.115282005895389	0.285888328890108	0.00559696555752698	5.36315103578448	0.0427024633999239	3.74489853698665	0.484853090667832
209584_x_at	27350	APOBEC3C	0.116022840694872	1.72160949894242	0.00444572741315241	2.6618690578478	0.0427634232001495	0.342432047613998	0.484853090667832
213551_x_at	7703	PCGF2	0.123045770349248	0.290329329789929	0.00449692902040799	4.70798387049993	0.0433862594587943	4.02129816120804	0.484853090667832
201355_s_at	11176	BAZ2A	0.10884303391908	0.377932655357202	0.00416196994100304	3.23379281833412	0.0439178524155645	2.88792132716496	0.484853090667832
202473_x_at	3054	HCFC1	0.0316807221055961	0.261269686602683	0.00501276722696986	3.83067906132676	0.0457019919020613	3.30232250973923	0.486502720460798
218663_at	64151	NCAPG	0.00406392301473035	5.41170626555802	0.00318979987555112	3.66831992546525	0.0458299664202201	0.309766152739041	0.486502720460798
212571_at	57680	CHD8	0.0860044787520328	0.319304351806436	0.00454027870930718	3.12200564605937	0.0487000102947396	3.24524592391466	0.501994305000854
210719_s_at	10362	HMG20B	0.100713968841017	0.631532312951369	0.0044200814028007	2.91490904502884	0.0491081385326922	2.66956691974656	0.501994305000854
202293_at	10274	STAG1	0.140453314511443	2.1748621808925	0.00420350246595669	2.95543182813178	0.0505590618069969	0.352498810125479	0.507429129408405
202556_s_at	10445	MCRS1	0.142887669377703	0.433566742956635	0.00473262951070186	3.54255316460694	0.0527051906464526	2.83713209879392	0.519522593515033
212672_at	472	ATM	0.0604643276040673	1.28393456239097	0.00513728349325004	2.5906217809715	0.0554894484474093	0.357986896721426	0.519666084119307
208076_at	8360	HIST1H4D	0.120113792244622	0.301932095368871	0.00383910005745869	5.07495723395703	0.0556430177136077	3.5275223408772	0.519666084119307
215437_x_at	11176	BAZ2A	0.0237342445184239	0.321200332341559	0.00280190737350838	3.53589131149386	0.0560108134424313	2.75295045322434	0.519666084119307
209518_at	6602	SMARCD1	0.104873380519326	0.325905559361544	0.00569754843404613	3.49442041081062	0.0574516535251739	3.21863838078552	0.519666084119307
219746_at	8110	DPF3	0.0773791223211625	0.353986057071482	0.00453247114372091	3.36560868815392	0.0580152922386401	2.83383079630385	0.519666084119307
52159_at	51409	HEMK1	0.155376801135577	0.539088995675037	0.00524138322020695	3.08478322506232	0.058654950309482	2.69471293894862	0.519666084119307
211790_s_at	8085	KMT2D	0.110153787302073	0.351459854014639	0.0055171657355968	3.65421890562827	0.060044062650787	3.13250075196225	0.519666084119307
202708_s_at	8349	HIST2H2BE	0.0280297609943453	0.799463697903823	0.00592162053609169	3.00255260509959	0.0614551950639883	2.49502327332141	0.519666084119307
202928_s_at	5252	PHF1	0.0512163680562591	0.264722807527296	0.00679808135555227	3.79692089718842	0.0622364781442813	3.25798504206447	0.519666084119307
212076_at	4297	KMT2A	0.00247031721932922	0.202903585441421	0.00737011447209235	3.5614076284252	0.0627588002528857	3.0211735412863	0.519666084119307
205277_at	7799	PRDM2	0.0382305592426206	0.285610994227618	0.0045801193602244	3.78758328219688	0.0636941258133601	2.78544892368239	0.519666084119307
211313_s_at	9031	BAZ1B	0.111705090747801	0.457696644579508	0.00510841590909872	3.27514548937814	0.0640168364494798	2.41955811580617	0.519666084119307
212152_x_at	8289	ARID1A	0.011662279661747	0.286381881492267	0.00655612166490482	3.15605454446805	0.0652166488310466	2.63993610476753	0.521733190648373
202383_at	8242	KDM5C	0.014123103244112	0.278117977755602	0.00429433327471251	3.69143654312038	0.0679155609708186	2.73073589783456	0.535562709369884
206542_s_at	6595	SMARCA2	0.10511259616254	1.61165893665392	0.00627417266191599	3.12391174696396	0.0731659982605145	0.37837712050965	0.553643258578652
207982_at	3010	HIST1H1T	0.19020571202292	0.328343499575243	0.00666295673257844	4.869962478071	0.0748600743552353	3.48168175797702	0.553643258578652
212079_s_at	4297	KMT2A	0.0121572882237818	0.307332072127615	0.0053485296762108	3.76399513158743	0.0751223549034722	2.47958505780916	0.553643258578652
221884_at	2122	MECOM	0.123242202437628	2.38499816776066	0.00486039023065599	2.85536243693052	0.0758530663811484	0.402792603054124	0.553643258578652
41387_r_at	23135	KDM6B	0.0423677286550264	0.31117641661061	0.00428207224733235	3.51958170749773	0.0768007465388835	2.67461287997965	0.553643258578652
209113_s_at	10362	HMG20B	0.0553998921479003	0.824709643378801	0.00641958546476362	2.60772704379668	0.0769486144591468	2.46308676098944	0.553643258578652
201209_at	3065	HDAC1	0.150118042758655	0.508378029040718	0.00550939468920608	3.0277898726821	0.0778019724728263	2.17666874019226	0.553643258578652
219960_s_at	51377	UCHL5	0.133587665815228	1.54873740189746	0.00592108609315478	2.70153720704275	0.078232199581766	0.365879974283106	0.553643258578652
212492_s_at	23030	KDM4B	0.0188640468859765	0.267351821725828	0.00412120175804709	3.98028085100662	0.0830380435733939	2.64597214313207	0.566877422748932
208740_at	10284	SAP18	0.0814161934697009	0.353661631581532	0.00645472477048947	3.12292143403907	0.0839560693359076	2.50799673997503	0.566877422748932
204535_s_at	5978	REST	0.211531548433079	0.41295305487566	0.00687736163950403	3.64521317912222	0.0840512477909247	2.79532935982285	0.566877422748932
206531_at	8193	DPF1	0.191448024922275	0.503352002105017	0.00738653038970094	3.51163273498159	0.0856935213387698	2.70628216440035	0.566877422748932
212078_s_at	4297	KMT2A	0.02909075808281	0.300544008121691	0.00866887812864536	3.38577945556092	0.0867697605150859	2.66698516867881	0.566877422748932
218173_s_at	54904	WHSC1L1	0.211038722148797	0.576862207449722	0.00595734857178554	3.60898421753367	0.0873233296007291	2.55212622299918	0.566877422748932
214463_x_at	8363	HIST1H4J	0.215491380449158	0.494217220996041	0.00594725480848679	3.36951851711258	0.087731718220346	2.49881759487517	0.566877422748932
217250_s_at	26038	CHD5	0.225254458855758	0.496418745542447	0.00624303180341801	3.57197202147925	0.0890385496041348	2.58375535456602	0.566877422748932
219498_s_at	53335	BCL11A	0.162835934225823	1.23672659681279	0.00498528436499157	2.26199508833739	0.0893448111941251	0.448121648789902	0.566877422748932
201182_s_at	1108	CHD4	0.0135642246862286	0.304431903522135	0.00467311827666506	3.6461483796003	0.0915473784161679	2.41111896617355	0.57425173733778
210347_s_at	53335	BCL11A	0.187185833693023	1.2640619811617	0.00658354621027668	2.29461012779073	0.0928394279381267	0.446737863312541	0.575813081144336
202645_s_at	4221	MEN1	0.216587045447485	0.459279851973006	0.00657658128631766	3.00106178976749	0.0984024124750126	2.53844112236283	0.595109729048177
220139_at	29947	DNMT3L	0.255897138867846	0.526844315773404	0.00722494158564557	3.3605518984692	0.0993876885725808	2.47177156303874	0.595109729048177
210878_s_at	51780	KDM3B	0.24437736804404	0.552401470343724	0.00578766090266625	2.59600069302152	0.0998879556060377	2.44908073078783	0.595109729048177
206544_x_at	6595	SMARCA2	0.184750278758212	1.54927615155399	0.00766861526212004	2.93852420257324	0.100263052176595	0.40384262300086	0.595109729048177
201548_s_at	10765	KDM5B	0.253949252677723	0.53762777189754	0.00709187529024291	3.00045265030069	0.102550639635407	2.3456102918162	0.602212266795156
209062_x_at	8202	NCOA3	0.121458873674884	0.358473870896856	0.0064114508655212	3.61359692324744	0.10693097621008	2.50687507062207	0.621325251241728
215781_s_at	8940	TOP3B	0.216242342085998	0.417750683233855	0.00682945731404927	3.04887472468507	0.113616760967803	2.44950861410495	0.622473317709605
214616_at	8353	HIST1H3E	0.205623621326267	0.668808809259875	0.0117264532728384	3.30102281538196	0.113910858927346	2.30317816232426	0.622473317709605
44822_s_at	54531	MIER2	0.282337162573062	0.509158414198929	0.00734541758755725	3.34090823492895	0.114262558095932	2.33696451725093	0.622473317709605
202474_s_at	3054	HCFC1	0.17832507408234	0.431088022689699	0.00708540998027163	3.30500938543571	0.11450521008989	2.28786484000165	0.622473317709605
201901_s_at	7528	YY1	0.0982478978590573	0.411077354949695	0.00845009128564989	2.75943220703063	0.114952298236562	2.16488757415057	0.622473317709605
217937_s_at	51564	HDAC7	0.0907952276661101	0.366454442718667	0.00788119304400514	3.3478724208468	0.115222705987156	2.35230585212598	0.622473317709605
218996_at	29844	TFPT	0.142162173416737	0.770958287404911	0.00789236334196253	3.40834568896671	0.11549910258438	2.41536175628619	0.622473317709605
214540_at	8348	HIST1H2BO	0.193153615475486	0.562932209873019	0.00838407128201812	4.25894321527074	0.11614991254364	2.72770428864443	0.622473317709605
212258_s_at	6595	SMARCA2	0.247180081798435	0.483625692301366	0.00725693813117234	3.01322795349995	0.12069259617928	2.36360487589666	0.640599164336178
221633_at	29781	NCAPH2	0.0945530211351202	0.732777732140136	0.0115016264192809	3.13860673158517	0.128465232053027	2.42867399216737	0.666738721065452
203418_at	890	CCNA2	0.0128761277057177	3.74189139814733	0.00609933920348971	3.28150552296565	0.12981995633283	0.474597695597851	0.666738721065452
202455_at	10014	HDAC5	0.20488328273517	0.40701036370008	0.00758921037397742	3.55905183743574	0.13007015634569	2.45775113516728	0.666738721065452
212462_at	23522	KAT6B	0.235402373939054	0.406649385993243	0.00635434606514829	3.67288920779911	0.130448880208458	2.40320120461657	0.666738721065452
217095_x_at	9437	NCR1	0.178293446805437	0.428909716878327	0.0067488001382856	3.20042569860264	0.132452919883056	2.24092328446829	0.670770750233458
41386_i_at	23135	KDM6B	0.0881663270836375	0.381906554703707	0.00557905731330255	3.53770880110884	0.134971658964641	2.20795628312714	0.677312324986199
35685_at	6015	RING1	0.339301460179389	0.525133022803287	0.00775628914682081	3.37075320539132	0.141539437986645	2.3315737014577	0.696142453815922
214239_x_at	7703	PCGF2	0.335913272176353	0.491039275180401	0.00806700695071516	3.56757027654865	0.141785806711058	2.41828740723621	0.696142453815922
203204_s_at	9682	KDM4A	0.141957104435135	0.345647501708411	0.011634583948138	3.46923337828115	0.142634240649995	2.48700209612547	0.696142453815922
218131_s_at	54815	GATAD2A	0.33489682208252	1.54030237027116	0.00726024122711877	2.44887947988688	0.144231826782974	0.442294818890997	0.696142453815922
203419_at	9757	KMT2B	0.331205356054751	0.651278292104531	0.00743391104019842	3.06746629937978	0.145225024439931	2.08685044612414	0.696142453815922
213660_s_at	8940	TOP3B	0.178347896738277	0.402014833056324	0.00756404636051133	3.32647942424348	0.146312781686679	2.27137550351194	0.696142453815922
203845_at	8850	KAT2B	0.26760190658709	2.03234136585926	0.00806681477910454	3.03376678896294	0.147551933145766	0.470423062913943	0.696142453815922
209517_s_at	9070	ASH2L	0.12489496216578	0.823541666148673	0.00871743969672656	3.64027867778235	0.151496226180339	2.09606543607549	0.697001336711852
209704_at	22823	MTF2	0.339822993307027	1.46615692206583	0.00722028498502514	2.96849205028204	0.152039076549017	0.475612258626173	0.697001336711852
222067_x_at	3017	HIST1H2BD	0.216219441405317	0.805112545892443	0.00719830389296228	3.10105314843471	0.152595649821569	2.00953175467505	0.697001336711852
221778_at	80853	KDM7A	0.267721464869795	1.39288157905536	0.0100684574009025	2.8609987389127	0.153672870280363	0.440479704618746	0.697001336711852
204632_at	8986	RPS6KA4	0.266080376580199	0.461563788771414	0.00931662827677526	3.2583906946655	0.154882470737357	2.16889772328194	0.697001336711852
213654_at	27097	TAF5L	0.329331019455695	1.72313061658463	0.00788316871472716	2.71480314893084	0.155310080462967	0.500786473744343	0.697001336711852
213226_at	890	CCNA2	0.0148442452193994	3.95647338722422	0.00895709032627334	3.23040714178066	0.16059911117496	0.473711976757553	0.714925075553048
212614_at	84159	ARID5B	0.282036255218848	1.36674261367768	0.00883360468783612	3.06821738249082	0.163246325697372	0.482858565143787	0.720895774279595
207226_at	8341	HIST1H2BN	0.237884695263426	0.459698904352044	0.010624876941208	3.21904776069656	0.170863686227384	2.1461224968712	0.742051705401596
218599_at	9985	REC8	0.287181412808938	0.411237104291149	0.00995140988971377	3.84589985796373	0.171027349280201	2.43513925855584	0.742051705401596
209054_s_at	7468	WHSC1	0.244824779596614	0.866362572561736	0.00875168852058694	2.97434382073996	0.173039643384215	1.92257320377792	0.742051705401596
218917_s_at	8289	ARID1A	0.389897111062389	0.649669397460532	0.00792134617355456	2.6138844291846	0.176398955060855	2.04120395539389	0.742051705401596
200055_at	6881	TAF10	0.37283766912398	0.59391121215306	0.0092035214060302	3.06396958179459	0.17828723482247	1.93043632726886	0.742051705401596
214537_at	3007	HIST1H1D	0.401034875203916	0.575229716731334	0.00868524370272472	3.60058504238875	0.179614343957821	2.13613333426524	0.742051705401596
201072_s_at	6599	SMARCC1	0.408159128678976	0.568967357718326	0.0095743392543256	3.30580690016806	0.181587935803259	2.17089189013396	0.742051705401596
209572_s_at	8726	EED	0.318203724017782	2.13997527042038	0.00887143268719792	3.02227394399368	0.182032501565985	0.464950325568041	0.742051705401596
204240_s_at	10592	SMC2	0.0730578132291775	2.55510510099199	0.00988114253867256	2.96169382201034	0.18209122757283	0.529012869515855	0.742051705401596
210649_s_at	8289	ARID1A	0.0367465590897592	0.349444602978809	0.0161335357127849	2.84813606357276	0.182363802055194	2.05370604114442	0.742051705401596
209398_at	3006	HIST1H1C	0.110464779251301	0.896101925996876	0.0107788973839184	3.10847826878399	0.182824333214886	1.95313338969952	0.742051705401596
215294_s_at	6594	SMARCA1	0.17000135036772	2.20112047555532	0.010389687181712	2.97778096767968	0.185489324666657	0.503196805893588	0.743181671992345
206846_s_at	10013	HDAC6	0.347127792395258	0.536316574129617	0.00873636854252591	3.34252179297425	0.186655800430241	2.0834582359572	0.743181671992345
203875_at	6594	SMARCA1	0.15594535288636	2.1706702408136	0.0118620184980958	3.00538924570071	0.187141761606768	0.51521671970895	0.743181671992345
222183_x_at	53615	MBD3	0.407419583621707	0.544694404165201	0.0109565112848021	3.16527106259996	0.190893602277924	2.05803270984891	0.752666203267243
202545_at	5580	PRKCD	0.418166766079627	0.597674510530025	0.0090407220499058	3.09212872028617	0.194035874205209	1.9487947017676	0.757620840136681
203873_at	6594	SMARCA1	0.426018674734024	1.3983796605153	0.00854082297662617	2.90799060953712	0.195058131460079	0.546026807746988	0.757620840136681
200049_at	11143	KAT7	0.433523109589692	0.59743373783741	0.00974949802338998	4.00014315973216	0.196267717644104	2.13534689266584	0.757620840136681
212920_at	5978	REST	0.368450985934679	1.9459547047793	0.00995560791173544	3.18974112931765	0.202932275996604	0.488393714525047	0.770945065013142
211858_x_at	2778	GNAS	0.122705785584512	1.01319499589749	0.00716978101357357	3.03310889642802	0.2039179419888	1.93038423586307	0.770945065013142
210656_at	8726	EED	0.4261826417073	1.59079036119718	0.00975670703356624	2.86039021376873	0.205130173030087	0.523008166565825	0.770945065013142
221230_s_at	51742	ARID4B	0.428492275300898	1.5141860648879	0.00964910982073253	3.13160191881778	0.206884631539254	0.569048639283863	0.770945065013142
205621_at	8846	ALKBH1	0.436041484718359	0.564952636489797	0.0097604606150411	3.20626705854092	0.20694555598757	1.99000954453953	0.770945065013142
217673_x_at	2778	GNAS	0.336211532036715	0.803970149322719	0.00828117084423996	2.96480464869598	0.208099301969127	1.95342112497502	0.770945065013142
220605_s_at	22933	SIRT2	0.45682470627133	0.533791852820559	0.0113198525042206	3.35949629392457	0.210662942096935	2.16271539186484	0.773734579179951
217075_x_at	9757	KMT2B /// KMT2B	0.396034264134794	0.702444586039974	0.0107265707967066	3.18368159592134	0.213542738430704	2.09492878921327	0.773734579179951
221862_at	54531	MIER2	0.405066592477402	0.563514362321652	0.00951866313838468	3.15758115668666	0.213843910346804	1.90504799207637	0.773734579179951
205345_at	580	BARD1	0.166165739215509	2.71150452394208	0.0111250001849188	3.06201344074165	0.217132533651147	0.463816370064617	0.773734579179951
217058_at	2778	GNAS	0.440175164439196	0.575782199891081	0.0108488766479806	3.2586326631088	0.21816050275323	1.93910957912033	0.773734579179951
211783_s_at	9112	MTA1	0.137987261793237	0.466169288071911	0.00967168523583362	3.11631928994534	0.220489840813019	1.80732375604589	0.773734579179951
208527_x_at	8344	HIST1H2BE	0.14998054295101	0.950590988428418	0.00938291057021046	2.99997096043334	0.220706650429543	1.82116125695026	0.773734579179951
203874_s_at	6594	SMARCA1	0.236217665379241	1.9913016998984	0.0112778003802922	3.16262242439353	0.221184170666701	0.543828274318224	0.773734579179951
203057_s_at	7799	PRDM2	0.366221772353986	0.495039480290769	0.0104531764501552	2.994127776575	0.221878339378107	1.9973538817815	0.773734579179951
213344_s_at	3014	H2AFX	0.274620425390246	0.41358664220496	0.0109575801650551	3.38648109779454	0.224549475332171	2.10015404399263	0.773734579179951
220928_s_at	63976	PRDM16	0.477857078571509	0.652875273683254	0.0109983144626736	3.23436012153701	0.225020276190648	1.84805059025905	0.773734579179951
201589_at	8243	SMC1A	0.479670501966437	1.7294794000077	0.0104674973738482	3.0166554525658	0.226836703723278	0.510943791011266	0.773734579179951
213965_s_at	26038	CHD5	0.482583406086836	0.639468961731591	0.0111913096681997	3.17571989068626	0.229441305782611	1.97549897577352	0.773734579179951
204225_at	9759	HDAC4	0.392492469536323	1.16404443089937	0.00861053315153459	2.62494256867114	0.229761824701471	0.550891097068398	0.773734579179951
201183_s_at	1108	CHD4	0.240012554799595	0.463492376905568	0.0106062077007016	3.00971805680249	0.229877664828826	1.92504901721495	0.773734579179951
209705_at	22823	MTF2	0.188272982100607	0.397321459273588	0.00857130672794626	3.27952926984556	0.236885895322006	2.06954958902991	0.781024378180119
214885_at	84148	KAT8	0.123984951190511	0.312525134468493	0.00931736631196411	3.90824466506506	0.23931488745044	2.2965942014291	0.781024378180119
208546_x_at	8345	HIST1H2BH	0.153972825158849	0.958002165162143	0.00956323701486983	3.00463478189867	0.242760125481135	1.80793194973469	0.781024378180119
206160_at	10930	APOBEC2	0.507400307133911	0.594810597706602	0.0108599839476835	3.3796503195234	0.244140392830887	1.95731769510192	0.781024378180119
211202_s_at	10765	KDM5B	0.49552151040007	0.581450173507142	0.0110610465968741	3.12147705148943	0.245334632749277	1.94080513816459	0.781024378180119
201549_x_at	10765	KDM5B	0.506885311233337	0.640083149835027	0.0111564340082838	2.98814600803782	0.245456090780053	1.83478770975972	0.781024378180119
202521_at	10664	CTCF	0.244837034604108	0.887302731013425	0.00715765870967522	2.9925776545413	0.246075677895545	1.839774822864	0.781024378180119
209060_x_at	8202	NCOA3	0.436834026449268	0.588375614637781	0.0108181916245103	2.84568376021244	0.246328232498399	1.81122322777436	0.781024378180119
209911_x_at	3017	HIST1H2BD	0.463264767981617	0.761108945757902	0.0102882058816987	3.01479453804766	0.247165298322185	1.82445439319914	0.781024378180119
208371_s_at	6015	RING1	0.516389381058737	0.639444849387776	0.0102381754580324	3.14614744285059	0.250327761243967	1.90051294739624	0.781024378180119
201697_s_at	1786	DNMT1	0.40268665563524	1.90372538501032	0.00976178185688048	3.07063993761634	0.250386635874587	0.541477677771926	0.781024378180119
200801_x_at	60	ACTB	0.00598251532789273	1.73882185938532	0.00850360975000419	2.37004081674812	0.250511873974782	2.06623664086026	0.781024378180119
208180_s_at	8365	HIST1H4H	0.263923774424122	0.864922302592833	0.0124204019250328	3.35389108294847	0.251984458670366	1.74084159873391	0.781024378180119
212722_s_at	23210	JMJD6	0.0533496882926447	2.25483872221132	0.00591976632097946	3.24964553252915	0.255011441548853	0.599659484236637	0.781024378180119
208860_s_at	546	ATRX	0.514203972100004	1.67986515763131	0.0114385412949777	3.00904655578722	0.255774104710338	0.532923850053545	0.781024378180119
213253_at	10592	SMC2	0.138738685554524	2.47254541889359	0.0158116859699491	2.83695126821185	0.259757801351655	0.539251035083481	0.781024378180119
208861_s_at	546	ATRX	0.21840221092593	2.09448774521366	0.0124706563465626	3.22230840064004	0.26128468265188	0.555031289965603	0.781024378180119
220355_s_at	55193	PBRM1	0.374792207746631	0.831213114655623	0.0111968474820585	2.74098895881458	0.262388084598064	1.90620547655794	0.781024378180119
201419_at	8314	BAP1	0.530538026544883	0.618350072430036	0.0115333435847147	3.11163516205151	0.262760747444915	1.87042140962151	0.781024378180119
214299_at	7156	TOP3A	0.531554704564644	0.7162038113784	0.0126735109258381	3.02157612815524	0.262823335147879	1.81900114351279	0.781024378180119
204946_s_at	7156	TOP3A	0.438935365994896	0.529007740093456	0.0112553153420849	3.4035384754876	0.262927294463063	1.90212092973491	0.781024378180119
219542_at	79858	NEK11	0.270016357127408	0.487300070870103	0.00833603414926276	3.43523038279648	0.26317125786504	1.81207034128977	0.781024378180119
214481_at	8336	HIST1H2AM	0.388055481755736	0.810338675223308	0.0112023319231613	3.48595697235645	0.265312501452486	1.79524778159028	0.783168453485413
206951_at	8367	HIST1H4E	0.172299355922133	0.924087649647111	0.0102705047528373	3.46783232819783	0.268103076274364	1.72932144804445	0.787196266507707
212237_at	171023	ASXL1	0.51586435679886	0.726356456516373	0.00970246390049823	3.09455855594267	0.270005171110881	1.81838435339395	0.788586531498446
203205_at	9682	KDM4A	0.46586772592716	0.58112827290191	0.0122288914724592	3.21437976923538	0.273379807873286	1.74745311961352	0.789370230955111
222147_s_at	79913	ACTR5	0.0881599572995755	0.401584180295452	0.0125135299704113	3.41161779304367	0.274104596891763	1.83271941502604	0.789370230955111
202221_s_at	2033	EP300	0.151845971714967	1.04186511459474	0.0168222881734332	2.98142141636002	0.276250489344926	0.537352500804912	0.789370230955111
212524_x_at	3014	H2AFX	0.0405953780711111	0.348069716565358	0.0101163694815547	3.51574516006437	0.276589694258485	1.88323581522186	0.789370230955111
209105_at	8648	NCOA1	0.363054855251522	1.15450730384076	0.0135244789496545	2.75961585270138	0.278755536199204	0.534299083048269	0.789370230955111
212597_s_at	10042	HMGXB4	0.550453884010743	1.39435975011093	0.0111206204739069	3.09727729143071	0.280687074649334	0.576674225797873	0.789370230955111
217986_s_at	11177	BAZ1A	0.521644038460247	1.67603984024505	0.0107728875239387	3.07035907222533	0.281302407540151	0.550067505941045	0.789370230955111
221212_x_at	55193	PBRM1	0.480835712184491	0.581979710349281	0.0123879697495125	3.08589999735785	0.281713651264777	1.79087105632374	0.789370230955111
208046_at	8359	HIST1H4A	0.533838111211856	0.746095608246747	0.0124455772464171	3.10620164257165	0.286356341389433	1.76752175300703	0.789595464150063
214861_at	23081	KDM4C	0.347430006952078	1.1284332844031	0.01282086936185	2.63548992806567	0.286674756968628	0.562271812477435	0.789595464150063
218662_s_at	64151	NCAPG	0.00418507943467827	4.5021910854463	0.0081328868883831	3.41405207562638	0.289502030729728	0.548196181973175	0.789595464150063
40446_at	5252	PHF1	0.319359455227126	0.50586808120764	0.0113062154864731	3.11085371531359	0.290178540063993	1.73864906617382	0.789595464150063
214509_at	8354	HIST1H3I	0.549798686471998	0.701900751062695	0.0112119916171447	3.2915340530154	0.290624376939142	1.8019160016045	0.789595464150063
201833_at	3066	HDAC2	0.57205415913509	1.61504138195984	0.0113669288261793	2.95533803607211	0.290700060738961	0.555073955617267	0.789595464150063
212465_at	84193	SETD3	0.561852936165032	0.714875830958818	0.0113363129078022	2.88470824786695	0.292486185944121	1.76753107101544	0.789595464150063
204880_at	4255	MGMT	0.516805727526581	0.799453655861116	0.010907102258116	2.89012611381245	0.293237445925295	1.74633342330511	0.789595464150063
212257_s_at	6595	SMARCA2	0.150364644455003	0.952026218061477	0.0147458752587778	2.75944837094987	0.301820763583472	0.572824597218217	0.801346768827106
220085_at	3070	HELLS	0.423315000832049	1.87188228228077	0.0121027566056765	2.80904977823437	0.303311065515538	0.567866280445279	0.801346768827106
214548_x_at	2778	GNAS	0.154298991064807	1.09605788144925	0.00959498828139349	2.99291712098755	0.305611165880659	1.66407845194435	0.801346768827106
201075_s_at	6599	SMARCC1	0.473082046688992	1.77471182069051	0.0116556042980295	3.06638897586486	0.30632564666976	0.570118855073293	0.801346768827106
217985_s_at	11177	BAZ1A	0.3986556361447	1.1667995024294	0.0118068907679526	3.026610903341	0.306528901823225	0.561495757079117	0.801346768827106
208987_s_at	22992	KDM2A	0.0437823999190177	0.34204060769822	0.00943384564259775	3.3299698880204	0.308992765408711	1.85544715981861	0.801346768827106
214426_x_at	10036	CHAF1A	0.589573005106576	0.732429378932537	0.0131740058144696	3.23689041032985	0.309341874747391	1.69672095870956	0.801346768827106
201321_s_at	6601	SMARCC2	0.438344775362007	0.572159773794248	0.0132081187971491	3.06073536334008	0.312643574955675	1.66985969239613	0.801346768827106
215698_at	5927	KDM5A	0.570130449148865	1.3240674254692	0.0108041470143216	2.69805936884494	0.312927771309818	0.597792642709851	0.801346768827106
219084_at	64324	NSD1	0.0253806693809354	0.321824194630581	0.00746935747578348	3.97074490911972	0.313306056645413	1.84338889728303	0.801346768827106
218659_at	55252	ASXL2	0.540105942613517	0.563770406371826	0.0135343031671491	2.84115240271929	0.315014853648283	1.82990039354321	0.801346768827106
212080_at	4297	KMT2A	0.0993478632193131	0.447846904437162	0.0189071223430251	2.89722529693045	0.317809188986373	1.65078018707404	0.801346768827106
209718_at	29781	NCAPH2	0.602706772596818	0.723163804901323	0.01354807550637	2.98678321201204	0.319272984116738	1.69667830346984	0.801346768827106
215631_s_at	25855	BRMS1	0.428319801708788	0.5358387097921	0.0117499644528871	3.2455664039004	0.319704880304353	1.73264040546921	0.801346768827106
212922_s_at	56950	SMYD2	0.045691771646919	2.75898818207659	0.0117238065098052	3.37869717056403	0.32172992832493	0.562628558896561	0.801346768827106
207728_at	55729	ATF7IP	0.150771210546194	0.431960630215433	0.0129810806955131	3.2520389226591	0.321900507374994	1.76065507487558	0.801346768827106
203056_s_at	7799	PRDM2	0.130175276271072	0.401145265734273	0.010455622196089	3.46384633890826	0.322280765723945	1.8242608314672	0.801346768827106
208445_s_at	9031	BAZ1B	0.472010324168709	1.20891731778342	0.00947746019118623	3.02025656413817	0.324195611151705	0.581100764582729	0.801397174607789
214728_x_at	6597	SMARCA4	0.571786975829783	0.598033129939063	0.0133388406130058	3.10528504247852	0.326711454240287	1.74451737621517	0.801397174607789
45526_g_at	79903	NAA60	0.290153321270056	0.488126416302558	0.00924295626630489	3.19508010773524	0.327402818998964	1.72112589205723	0.801397174607789
215521_at	80012	PHC3	0.555248476516064	0.646558087005174	0.0131947151111446	3.114610337819	0.329967961839536	1.61884868843753	0.801397174607789
214396_s_at	8932	MBD2	0.150970526699157	0.406926472177393	0.0139243935204552	3.49321576011857	0.331277957849272	1.83626729148018	0.801397174607789
202485_s_at	8932	MBD2	0.615016347669772	0.739052168822338	0.0149969924552249	3.04708409132566	0.331612561514096	1.64587936436886	0.801397174607789
212234_at	171023	ASXL1	0.583206197665158	0.84873486670064	0.0114712307958436	2.981195908924	0.333460659454989	1.59683056766706	0.801397174607789
204805_s_at	8971	H1FX	0.534089429146921	0.818922657750869	0.0121865125021535	2.95699660957387	0.335889880128686	1.66465701847647	0.801397174607789
204742_s_at	23047	PDS5B	0.42186958576215	0.525738739246047	0.0117258082809435	3.2613785371927	0.337240759964411	1.74666955841377	0.801397174607789
214562_at	8368	HIST1H4L	0.484867794060619	1.12596317173306	0.0131088164100014	2.81833237651351	0.338993405043554	0.605127997005248	0.801397174607789
208806_at	1107	CHD3	0.219179081991048	0.467453344955422	0.0128456898997699	3.05774695930806	0.339906413861729	1.71483108656338	0.801397174607789
218788_s_at	64754	SMYD3	0.101292027324313	1.07493047696046	0.0205820183630709	2.8314138937458	0.340644638835652	1.64034612590986	0.801397174607789
218554_s_at	55870	ASH1L	0.334325821173031	0.488336685512217	0.0122954157083314	3.28556735015489	0.344818336030164	1.77204430473907	0.801397174607789
218619_s_at	6839	SUV39H1	0.640494453518567	0.692695726456802	0.0142485812009011	3.19518209387941	0.345202704455658	1.63512410043513	0.801397174607789
214754_at	200424	TET3	0.640566595905389	0.650780968853145	0.0151174914916548	3.25238784292311	0.345359259984906	1.81313427687627	0.801397174607789
216224_s_at	10013	HDAC6	0.635603276268749	0.659674959491903	0.012952283268691	3.16481213824484	0.345529941225822	1.71529022274396	0.801397174607789
212723_at	23210	JMJD6	0.0483267126557029	2.27276351702107	0.00669841701287166	3.43196192359888	0.349891997209245	0.642311549629026	0.803713418589379
202816_s_at	6760	SS18	0.515069384843934	1.61730908977286	0.0119369516685894	2.96385023647823	0.349959568541779	0.625330221353551	0.803713418589379
215053_at	10847	SRCAP	0.614409465403665	0.72282766578417	0.0160745858163132	3.16826660320846	0.350896619347899	1.69207791626813	0.803713418589379
212525_s_at	3014	H2AFX	0.650764248311974	0.696187619229865	0.0133745337304423	3.17959994698578	0.35414048485783	1.63474185907102	0.805415789193443
218166_s_at	51773	RSF1	0.0313882548196009	2.31559890083084	0.0159298046950591	2.63074792328921	0.35455803763407	0.644862953038722	0.805415789193443
213146_at	23135	KDM6B	0.41019856830035	0.590526374845492	0.0125822025947219	3.05927910613104	0.358411082779882	1.56289456799569	0.807489033662877
206700_s_at	8284	KDM5D	0.656052898928882	0.719978581973104	0.0133156618122267	2.97798114697807	0.358568658326153	1.62392202080976	0.807489033662877
200780_x_at	2778	GNAS	0.305812428745658	1.02690688555341	0.0118275485084779	2.93700329287028	0.359859243262804	1.5415090134093	0.807489033662877
214500_at	9555	H2AFY	0.294474799729239	0.987153638055952	0.00964395984851085	2.94417425728691	0.363552672442393	1.65543268346178	0.812473988616198
206554_x_at	6419	SETMAR	0.636405166664713	1.23585002509252	0.0122931586175539	2.86422902219382	0.366004247836608	0.634928947548213	0.81335866629538
203796_s_at	605	BCL7A	0.104212668182863	0.414505730564701	0.00680052352651317	3.70006226188581	0.366895485339764	1.69427508799032	0.81335866629538
217069_at	9757	KMT2B	0.577284477134964	0.592421964208342	0.0144761383750737	3.209317920083	0.375602857531228	1.67343340166779	0.829331109428951
213984_at	23244	PDS5A	0.313352102065961	1.74875879996599	0.0160228027627167	2.99549880611265	0.378674809576289	0.650938014776781	0.832782848151839
206893_at	6299	SALL1	0.422217574726532	1.01861947373285	0.012862753297373	3.33746804351146	0.386087589120539	1.60130480143486	0.844513287447277
214300_s_at	7156	TOP3A	0.674089391748736	0.751168001900434	0.0131452784612379	3.1480766388639	0.387611609588311	1.5777469976236	0.844513287447277
200608_s_at	5885	RAD21	0.538870647080486	1.64228522219752	0.0130938038064714	2.97688923952397	0.391319421837371	0.635258209397603	0.844513287447277
215714_s_at	6597	SMARCA4	0.685899417657241	0.661585973348451	0.0146625114462068	2.95032514345398	0.392000013598595	1.63374234297819	0.844513287447277
221248_s_at	54904	WHSC1L1	0.657500957503139	0.769152564917962	0.0156076029643578	3.35445035271221	0.39313286655159	1.58784364696539	0.844513287447277
210559_s_at	983	CDK1	0.107736447448583	2.7995931855698	0.0158251211068791	3.08885196856218	0.393188251583243	0.618575911238704	0.844513287447277
215233_at	23210	JMJD6	0.689738734964688	0.746023724978407	0.0138811029371521	3.25420659347659	0.396719994538013	1.55890166555589	0.848796267383656
212984_at	1386	ATF2	0.557108573444516	1.17352949395252	0.0139540307528508	2.93029391919984	0.400279605428656	0.626267937996131	0.849755393604217
212238_at	171023	ASXL1	0.695415707576466	0.77508016387733	0.0129686486904829	3.03848863150085	0.401343036170154	1.58711692786372	0.849755393604217
219126_at	55274	PHF10	0.581109006611218	1.17734422205611	0.0199509761401251	2.64893980373448	0.401786517628081	0.641703524530003	0.849755393604217
203249_at	2145	EZH1	0.148721244656805	0.431691938886832	0.0174074689681677	3.0694405097321	0.410433695438704	1.58595887157073	0.856558650102138
212348_s_at	23028	KDM1A	0.0314745966733905	0.656969883119308	0.0087135279453302	2.79635793663617	0.411064996927616	0.609319446947697	0.856558650102138
203444_s_at	9219	MTA2	0.227957359768622	1.0510276250602	0.0182856245913984	2.9096250313823	0.411125044763795	1.52679232698411	0.856558650102138
212596_s_at	10042	HMGXB4	0.674686957452832	1.2560002862022	0.0134025890726887	3.01208297847141	0.411210221516425	0.641300350222994	0.856558650102138
203829_at	26610	ELP4	0.70182013825052	1.38874218338131	0.0137463102395232	2.79133793110766	0.412989998079273	0.661245012160717	0.857031875713379
214197_s_at	9869	SETDB1	0.704119439875181	0.756502558004033	0.0141630694770829	3.14502065383825	0.415798548424397	1.54848630578078	0.859628459663922
218658_s_at	93973	ACTR8	0.676929957080951	0.80412229947467	0.0143505034454071	3.19199077500287	0.41855607362702	1.59452702731804	0.862100569560131
202116_at	5977	DPF2	0.303694740956361	0.538209996033347	0.0171196884444127	2.95747181351094	0.425231413494671	1.52195973940982	0.865720219158355
216684_s_at	6760	SS18	0.686666425726701	1.44313864426006	0.0139121539848048	2.81059951172135	0.427033634965539	0.659824411584313	0.865720219158355
217218_at	23063	WAPAL	0.518759134736594	0.551516606167857	0.0131304714763048	3.40536254948997	0.427230933368392	1.64632992795232	0.865720219158355
200981_x_at	2778	GNAS	0.291413796970356	1.09573967096033	0.0126180749181012	2.92426635345066	0.427369990007672	1.46555322119946	0.865720219158355
203345_s_at	22823	MTF2	0.236977169777987	0.935831086233667	0.0132042992322644	2.97868405579524	0.428712178829082	0.661447807318409	0.865720219158355
204099_at	6604	SMARCD3	0.391964088509711	0.975026815694497	0.0111533075721454	3.12680031708031	0.431017593038531	1.52809466636452	0.865720219158355
213963_s_at	8819	SAP30	0.305917364366644	1.83340799522281	0.0167534619901992	2.82058875446358	0.431291775848818	0.659765760422247	0.865720219158355
203461_at	1106	CHD2	0.356320774221984	0.530531427823492	0.0138422969895076	3.06218517232371	0.436060435022967	1.56936270906734	0.867299052471566
205062_x_at	5926	ARID4A	0.0601893791982658	0.403075675559389	0.00904890841574146	3.24708808535712	0.436756381466582	1.52818899204673	0.867299052471566
211149_at	7404	UTY	0.61028930061438	0.664069589185966	0.0137235326281127	3.03621924979133	0.438823172319901	1.48279888498689	0.867299052471566
207647_at	9085	CDY1	0.61788180465434	1.34995018692647	0.0153734521945896	2.87208302274671	0.440150646055318	0.719848253161216	0.867299052471566
212921_at	56950	SMYD2	0.624892446912049	1.42602006463963	0.0144197299281974	2.97985791617919	0.446258544433292	0.688540095123188	0.867299052471566
211540_s_at	5925	RB1	0.627705180100233	0.633628611647153	0.0145443307661561	3.37282233760724	0.446322648416149	1.54173455867605	0.867299052471566
211221_at	10474	TADA3	0.306730763640443	0.548895136520263	0.0129248571824344	3.26890378327316	0.448629091597388	1.50610390736223	0.867299052471566
207484_s_at	10919	EHMT2	0.574085353205637	0.591048095306401	0.013978646686999	3.26317222341135	0.450839877267175	1.56045524167445	0.867299052471566
218829_s_at	55636	CHD7	0.628057823811027	1.57270371235635	0.0130885895549944	3.23640721959848	0.451403386196336	0.652428810262351	0.867299052471566
212205_at	94239	H2AFV	0.749677221282266	1.38422306459003	0.0155819469710796	3.04201972297122	0.453076467980923	0.670074571332176	0.867299052471566
221094_s_at	55140	ELP3	0.153735870438818	1.04566005073622	0.0163082540988294	3.0039453741224	0.453650745452744	1.45035564928523	0.867299052471566
212273_x_at	2778	GNAS	0.370669728674335	1.07257267672829	0.0135095795181052	2.90735989956086	0.457187196127194	1.40361839018425	0.867299052471566
216326_s_at	8841	HDAC3	0.554536873906112	0.670590330372672	0.0132852205954883	2.9798858690679	0.457683257368334	1.40134482483931	0.867299052471566
203199_s_at	4552	MTRR	0.758463766922399	1.24879303836064	0.016271395712673	2.76818392265009	0.457929930842784	0.682020435463458	0.867299052471566
208742_s_at	10284	SAP18	0.403215076824379	0.633732232057357	0.0159587805129531	2.99592178467386	0.458043114169675	1.41511236572323	0.867299052471566
212949_at	23397	NCAPH	0.276940427615859	1.29774856709223	0.0124865879965513	2.92706440180227	0.45833483625303	1.4462356652589	0.867299052471566
215337_at	9862	MED24	0.751842589783911	0.724327566002934	0.0164020909384769	3.11165553392583	0.459689185421302	1.49305086165208	0.867299052471566
200607_s_at	5885	RAD21	0.666542637944464	1.50085568824443	0.0138023656221431	3.01984652885122	0.46035982314161	0.675464393676363	0.867299052471566
206724_at	8535	CBX4	0.763745434178615	0.742286742767713	0.015248826377658	3.27035085479859	0.463864878279045	1.48874816446813	0.870929975544329
203298_s_at	3720	JARID2	0.624903291826544	0.891647072963811	0.013217215032135	2.92520019075075	0.468653526675403	1.49350537470265	0.873790082144185
202817_s_at	6760	SS18	0.682001646162755	1.45127361580275	0.0151750212049074	3.03539802345732	0.468959194019206	0.687099483286013	0.873790082144185
201837_s_at	9913	SUPT7L	0.745630862938531	1.20412917094346	0.0156875976623142	2.8724834224543	0.471645560195998	0.681632545186733	0.873790082144185
203992_s_at	7403	KDM6A	0.17433416750295	0.481436835392538	0.0215855889341372	2.71589428888053	0.473800210079216	1.50111931353117	0.873790082144185
202414_at	2073	ERCC5	0.379737819474999	0.915183621710526	0.0119966809747029	3.05985530403337	0.479088320484646	0.685830567475887	0.873790082144185
220936_s_at	55766	H2AFJ	0.776816045983084	0.807877207718244	0.0145387536457631	3.33012585632527	0.479620142363583	1.42662258547002	0.873790082144185
207186_s_at	2186	BPTF	0.513594301419181	1.02890700165821	0.0130642407920399	2.97423110337605	0.480582009848667	0.698078981803613	0.873790082144185
208901_s_at	7150	TOP1	0.0487618189595959	0.427138228763683	0.013474692035072	3.12851206449132	0.481541412524846	1.43547700246576	0.873790082144185
213859_x_at	8467	SMARCA5	0.770148330932534	1.27254322910415	0.0143959939865734	2.85966275979427	0.481771648800152	0.684035812881857	0.873790082144185
204635_at	9252	RPS6KA5	0.779794005576686	0.775082851988145	0.0167989365535784	2.95772917192203	0.483872081305523	1.46673454353528	0.873790082144185
208807_s_at	1107	CHD3	0.439976172694727	0.594673494706572	0.0110963790933093	3.14488381925241	0.484283320821688	1.4319397724735	0.873790082144185
40640_at	29781	NCAPH2	0.234195394420031	0.52422234204855	0.0128833053948707	3.13950410471343	0.484858856296301	1.45824495016478	0.873790082144185
209053_s_at	7468	WHSC1	0.783095564848087	0.757982623300997	0.0155983050719622	3.03354657036623	0.485966585540335	1.44835090816003	0.873790082144185
201902_s_at	7528	YY1	0.763856196979019	0.811317362044498	0.0141983742036949	3.07020009055879	0.492377071048995	1.46452977005191	0.875425948422632
219339_s_at	79813	EHMT1	0.513783189075875	0.61885986389586	0.0132486579772763	3.15339386728648	0.493718103172945	1.43502966387339	0.875425948422632
211022_s_at	546	ATRX	0.567636560939756	0.609816458503038	0.0145457899940006	3.29350180046635	0.495483246116629	1.48673601001739	0.875425948422632
213826_s_at	3020	H3F3A	0.741981683296741	1.17307717084052	0.016130878310517	2.70845062187265	0.49711437125753	0.674296204792867	0.875425948422632
203214_x_at	983	CDK1	0.128963869703977	2.51117788068281	0.0167051438569848	3.01358487278406	0.498566453423699	0.697456551488167	0.875425948422632
213494_s_at	7528	YY1	0.372071307882564	0.548196824903625	0.0134576507515991	3.18111742538345	0.499468968089877	1.46739033414218	0.875425948422632
205169_at	5929	RBBP5	0.785894300599874	1.30651233778681	0.0155392808252001	2.92079855457896	0.501786044621154	0.706640998563333	0.875425948422632
221616_s_at	51616	TAF9B	0.681565027743927	0.920482451244011	0.0164390614436075	2.99880771399085	0.502700232302873	1.42705789348806	0.875425948422632
214157_at	2778	GNAS	0.420681376001816	1.07095722727899	0.0129387688796632	3.11026597606783	0.504360733133281	1.37014038340297	0.875425948422632
213209_at	10629	TAF6L	0.163554516526764	0.479959695890161	0.0114832624106086	3.27010533191241	0.505536439413403	1.46408330764224	0.875425948422632
213153_at	23067	SETD1B	0.558215966159759	0.641506150104427	0.0133602023588408	3.00307872029365	0.50596896756619	1.40475116176068	0.875425948422632
219528_s_at	64919	BCL11B	0.761523740989438	1.33201103373528	0.0148036420454873	2.84714885225864	0.506276106968994	0.713236181714593	0.875425948422632
205436_s_at	3014	H2AFX	0.413000126967363	1.12739533316708	0.0114252951721256	3.1252669856908	0.50749330343341	1.38777329813232	0.875425948422632
218242_s_at	51111	SUV420H1	0.741937258814223	0.714886974564112	0.0146446433791808	2.93672095428052	0.509415162169642	1.40427704166427	0.875637809545744
203155_at	9869	SETDB1	0.683601783178865	0.672314275543372	0.0163311155006073	3.06262710893231	0.511422696732854	1.41534098983982	0.875637809545744
215888_at	23047	PDS5B	0.712840795364993	0.689481928903545	0.015812861444746	3.08028409259417	0.512375022614629	1.42072162750369	0.875637809545744
208579_x_at	54145	H2BFS	0.250504447894438	1.14563583054726	0.0146851923724368	2.87915790168174	0.51414040537676	1.38675162030444	0.875805169345579
213966_at	10362	HMG20B	0.632602516728999	0.960739926384142	0.0181220083976271	2.88492595053458	0.515646159487886	1.39588932956711	0.875805169345579
201184_s_at	1108	CHD4	0.212434342934439	0.527820330763968	0.0166584051278443	2.96608983923028	0.517808549338013	1.39688020425853	0.875855011849676
204252_at	1017	CDK2	0.0521846953439753	1.36236470100937	0.027210327278186	2.6511320353675	0.521959527555574	1.37632592965678	0.875855011849676
218661_at	79903	NAA60	0.798067870416763	0.768254395358165	0.0149058661564812	2.98390073030573	0.523049864552223	1.38145089450795	0.875855011849676
213210_at	10629	TAF6L	0.623298176867759	0.646755670637425	0.0134114843451826	3.1097744255375	0.53098104487656	1.43908511471783	0.875855011849676
219755_at	57332	CBX8	0.729222788456161	0.680885312167057	0.0156576206392209	3.25686563463979	0.532411891393409	1.41783292640804	0.875855011849676
208569_at	8335	HIST1H2AB	0.560526099439365	1.01556620463655	0.0175758833469482	3.02096724921639	0.532661102354138	1.41059022393165	0.875855011849676
212914_at	23492	CBX7	0.33425051380883	0.522244012696851	0.021643976224066	2.93226086895355	0.533705346231243	1.39981725463128	0.875855011849676
217301_x_at	5928	RBBP4	0.723278903409924	0.68025186833204	0.0153066656598769	2.99919635835714	0.53538692202522	1.42304081766747	0.875855011849676
209052_s_at	7468	WHSC1	0.808534810883311	0.756886483861666	0.0160030231032894	3.07034097413103	0.536977679366149	1.37404968612541	0.875855011849676
219262_at	79723	SUV39H2	0.569773760967786	0.899674852686065	0.0182637905662474	3.06535759993197	0.54171174733852	1.33412191674195	0.875855011849676
214554_at	8332	HIST1H2AL	0.717388901846876	1.03204638919531	0.0171840382638693	2.6405935001351	0.543797388305695	0.737522387239703	0.875855011849676
203990_s_at	7403	KDM6A	0.220232883962667	0.520382417306978	0.0171706891105589	3.10381142008861	0.543906812681656	1.39905087336676	0.875855011849676
212993_at	138151	NACC2	0.00837649026605491	1.63096881095444	0.0166108325720483	2.85833319627036	0.544478648321775	1.36571758112418	0.875855011849676
201774_s_at	9918	NCAPD2	0.833949208423275	1.26890073764746	0.0154981126970142	2.73581150188947	0.547737185036343	0.720977668734507	0.875855011849676
208900_s_at	7150	TOP1	0.442801670428958	0.638316748690318	0.0158563127801771	2.90134301894966	0.548582804583475	1.33723675331922	0.875855011849676
216624_s_at	4297	KMT2A	0.687926595682573	0.956671292439974	0.0147172314735504	3.02281013701939	0.548685022699912	1.35938140080947	0.875855011849676
221151_at	56979	PRDM9	0.360262311027298	0.594249874806322	0.01228362445316	3.16612625633912	0.549828060134901	1.36118438388778	0.875855011849676
208553_at	3008	HIST1H1E	0.657346637961912	0.959980843195356	0.0143644162390368	3.27731967774431	0.550943864874527	1.38308024415674	0.875855011849676
201547_at	10765	KDM5B	0.830732937714727	0.788242095571989	0.0160698472207742	2.99646035907066	0.551510680936975	1.37207241650365	0.875855011849676
200047_s_at	7528	YY1	0.832191897251935	0.797950982009628	0.0158814878614495	2.87034885427017	0.55325742366929	1.33012539064688	0.875855011849676
207564_x_at	8473	OGT	0.52668626871864	0.988188355491675	0.0203443230942284	2.92392060989314	0.55428653507495	0.745144178075791	0.875855011849676
220278_at	55693	KDM4D	0.811916770999072	1.28327876565837	0.0160429255947153	2.73550269627253	0.555685920552426	0.752366207491541	0.875855011849676
212689_s_at	55818	KDM3A	0.110272933948749	2.11389006970124	0.0114030252942596	3.26545716204126	0.555786417782253	0.716860010870068	0.875855011849676
211106_at	8464	SUPT3H	0.753148462119826	1.37381216688927	0.0151409365041557	2.92372464822005	0.556145235984932	0.73121784456451	0.875855011849676
220007_at	79828	METTL8	0.12318647770821	0.742227752325463	0.017204488278816	2.77881644471676	0.556202249478557	0.739659120167174	0.875855011849676
202518_at	9275	BCL7B	0.429494165790413	0.899482725001643	0.0128617957547835	2.93127878101985	0.557861669110678	0.746034085838687	0.875855011849676
215038_s_at	29072	SETD2	0.810448879663257	1.3791447646508	0.016492727776271	3.05880544355517	0.558516239440373	0.713596356411409	0.875855011849676
211722_s_at	10013	HDAC6	0.823894470811593	0.849182999669445	0.0163537783138156	3.09709131587834	0.560595361512687	1.35528860426728	0.876625041232304
203080_s_at	29994	BAZ2B	0.513984672502643	0.972216655714842	0.014582481391897	3.01201400594772	0.564322652505741	0.725060297396891	0.878785588514124
213579_s_at	2033	EP300	0.79354915169072	1.13072252952717	0.0179334646429349	2.87914839899154	0.565183812010894	0.721966877351489	0.878785588514124
209954_x_at	6760	SS18	0.828722844543326	1.14332224827467	0.0160177753044048	2.80719228062174	0.567809693795895	0.749769803204491	0.878785588514124
204633_s_at	9252	RPS6KA5	0.840027084983941	0.747091743362024	0.0166589636544324	2.90174447436622	0.569685346678502	1.39516321493603	0.878785588514124
218457_s_at	1788	DNMT3A	0.0913367141693663	0.41153668480327	0.00919106866226826	3.5514475256614	0.569937030231986	1.43303933042199	0.878785588514124
222053_at	10629	TAF6L	0.822201834670054	0.845014442226484	0.0171974474640019	3.03598761303275	0.572345716286412	1.36812656941495	0.880041324206405
208794_s_at	6597	SMARCA4	0.778204656731565	0.887331546122759	0.0169559814386547	2.97976014642394	0.579442934541407	1.34354512379518	0.888479166296824
221582_at	92815	HIST3H2A	0.482145634145343	0.90414548233371	0.0116918269063575	3.01601243059466	0.584816295972378	0.748345259479283	0.889914886123618
211803_at	1017	CDK2	0.535952200944148	0.658224615709907	0.0170915709833539	3.07225071765523	0.587520391707705	1.31674774639708	0.889914886123618
215917_at	642636	RAD21L1	0.841069019194493	0.901282984803614	0.0155567409418244	3.12065966644433	0.593383640931528	1.28696650825801	0.889914886123618
219129_s_at	79685	SAP30L	0.613675718819641	1.00554042986081	0.0147804489192798	2.99589735037424	0.59510897536019	1.33525680265425	0.889914886123618
202666_s_at	86	ACTL6A	0.79076646481904	1.39216631733694	0.0154087516010427	2.93658904600996	0.598244834150086	0.74170731500746	0.889914886123618
214994_at	200316	APOBEC3F	0.719008175298963	1.01593240342477	0.0139964237609673	2.94205292936444	0.599864996808815	0.757293584858825	0.889914886123618
212789_at	23310	NCAPD3	0.783055784419958	1.44110635109739	0.0153151247490267	2.85329782635863	0.600405609426001	0.731443087128596	0.889914886123618
211808_s_at	1387	CREBBP	0.765774972035595	0.706961534071064	0.0159984796361556	2.99242876195238	0.600675572325531	1.35240002375589	0.889914886123618
201836_s_at	9913	SUPT7L	0.86563836596292	0.802849948770081	0.0170479741372206	2.98901544057424	0.600734750728494	1.31633976376606	0.889914886123618
212206_s_at	94239	H2AFV	0.799080978246619	1.33416431298364	0.017068839935126	3.00762042510855	0.600927453399515	0.761430189962522	0.889914886123618
204258_at	1105	CHD1	0.779777476008382	0.926673320427061	0.0153138018652614	2.92044981971153	0.602790563252457	1.33685795044808	0.889914886123618
211310_at	2145	EZH1	0.855087013641534	0.790715503095246	0.0160409710218247	3.01972757134915	0.606098598817977	1.32064305123647	0.889914886123618
202247_s_at	9112	MTA1	0.212236828210273	0.755176980956416	0.0165649407235906	2.82656380937052	0.607334148484557	0.75315513873715	0.889914886123618
209240_at	8473	OGT	0.770721594138771	1.04139284267316	0.0180606337603315	2.88480322041183	0.608132281034875	0.774272062035945	0.889914886123618
201664_at	10051	SMC4	0.0299120622553145	1.8470595253858	0.0087111530378553	3.07618803797727	0.609549415068306	1.33867038241159	0.889914886123618
213720_s_at	6597	SMARCA4	0.710251368209615	0.700155283213692	0.0163630184779743	3.00404562680361	0.609768300746354	1.30993174496828	0.889914886123618
208793_x_at	6597	SMARCA4	0.869311279667073	0.862929726259162	0.0176543029009023	2.89829678071401	0.6105371670158	1.29918129529898	0.889914886123618
213202_at	9739	SETD1A	0.0122333816896155	0.369499737758262	0.0207886894541144	3.07020714205643	0.613788035052362	1.33203136471139	0.889914886123618
203976_s_at	10036	CHAF1A	0.873062063187892	0.886291693873526	0.0168600703060702	3.09876771263221	0.615661516362696	1.28746338472703	0.889914886123618
209023_s_at	10735	STAG2	0.704960578978402	1.03442510664723	0.0168376534435243	3.01099969854776	0.615818328922424	0.739501118966323	0.889914886123618
208988_at	22992	KDM2A	0.630262197593256	0.980454569755065	0.0186242202394913	2.78868077047236	0.617171358189217	0.76909368873695	0.889914886123618
203138_at	8520	HAT1	0.395568787021747	1.66423450827591	0.012782878500439	3.18922086375654	0.617873550391252	0.759907953091494	0.889914886123618
202463_s_at	53615	MBD3	0.584463359427483	0.653972798509128	0.0134847461868837	3.0847179610207	0.621198940117295	1.32487665827093	0.889914886123618
220200_s_at	387893	SETD8	0.04473845422862	2.12749447430364	0.014762010513736	2.99611832787999	0.623287965766459	0.786414957858463	0.889914886123618
202423_at	7994	KAT6A	0.630279350654135	0.717026488208971	0.0174754555750483	3.01027690791344	0.623753199865743	1.26068303249985	0.889914886123618
214502_at	8970	HIST1H2BJ	0.588245557160772	1.07590117333834	0.0189033772874958	3.05522929377093	0.623809039608651	1.30301174363319	0.889914886123618
220155_s_at	65980	BRD9	0.382295557442008	0.564357795362006	0.0139674235911098	3.19913282093339	0.625728163653944	1.33787250038962	0.889914886123618
220619_at	55636	CHD7	0.455307663516796	1.49215607295543	0.0213879110916808	2.71721461907756	0.627589937301553	0.792482374076638	0.889914886123618
209806_at	85236	HIST1H2BK	0.404446083314059	1.15827252135318	0.019358329559388	2.7961920603956	0.629467658999812	1.27419222543922	0.889914886123618
218445_at	55506	H2AFY2	0.843470611062697	0.905282942817551	0.0190279552260046	2.99811940443063	0.631716426255533	1.28344315428608	0.889914886123618
208989_s_at	22992	KDM2A	0.528828668661699	0.610058985818172	0.0217633768132809	3.03427966406056	0.632021455519618	1.34286270760037	0.889914886123618
213719_s_at	6597	SMARCA4	0.879663436136828	1.13334223178744	0.0162063230221543	2.88595495595714	0.634363649415036	0.776003169083728	0.889914886123618
201614_s_at	8607	RUVBL1	0.775470874622223	0.981501993200127	0.0146808502081684	3.07308015734224	0.635105097700676	1.26430935377483	0.889914886123618
216361_s_at	7994	KAT6A	0.537899285424659	0.648631876501969	0.0161564849887146	3.17148692895402	0.63519287161722	1.29753085686722	0.889914886123618
201074_at	6599	SMARCC1	0.794542610961328	1.34455788115554	0.0157155078660045	2.93836615784901	0.638861029473606	0.776352044978158	0.890371472543791
209702_at	79068	FTO	0.510665439633493	0.606047033211473	0.0213716597226766	3.04966406633691	0.640455913494406	1.32137036661408	0.890371472543791
215065_at	23133	PHF8	0.128944197323564	0.500223632830174	0.0158169541633312	3.14756019625389	0.641555993806325	1.30074105518973	0.890371472543791
204980_at	9575	CLOCK	0.147486622795217	0.703516160318158	0.010179749820895	2.97884096013617	0.641970735638458	0.774269286068034	0.890371472543791
211851_x_at	672	BRCA1	0.547071717589444	1.0919734189319	0.0226210054096055	2.87334626234487	0.644378469467715	1.28111089283747	0.890812095210168
203064_s_at	3607	FOXK2	0.758272053543163	0.990349092574852	0.0190908160017372	2.68269500213513	0.645516011021861	0.779084348897034	0.890812095210168
209271_at	2186	BPTF	0.868478734705501	1.24320392574928	0.017018689854393	2.81840830835559	0.650629617953325	0.797943778040576	0.891746580653679
209192_x_at	10524	KAT5	0.120543547002519	0.726211998969018	0.0149332846386707	2.88892677769458	0.650983686043774	0.787250089996348	0.891746580653679
213867_x_at	60	ACTB	0.0492322168119321	1.73373055617085	0.0167114561345948	2.72478641258376	0.651039623194624	1.30248534419932	0.891746580653679
204775_at	8208	CHAF1B	0.34379206627883	1.77110031322394	0.0193191287005899	2.79120758956029	0.65589120654114	0.785405944435174	0.893946812369246
207983_s_at	10735	STAG2	0.758211988226485	0.69238295416196	0.0180722290431785	2.82630166363037	0.658485654194679	1.31553147255409	0.893946812369246
220070_at	79831	KDM8	0.33905126332124	0.591158137533275	0.0113487671721471	3.3196479380771	0.658722697940089	1.28206572517514	0.893946812369246
213251_at	8467	SMARCA5	0.891244404529861	1.14748501333976	0.0171099893305853	3.03610003854977	0.65912382723602	0.781929391756517	0.893946812369246
204566_at	8493	PPM1D	0.0544250512208242	1.55320162443162	0.0152394790349293	3.09761964836429	0.66099951058072	1.23585934972754	0.894293455491562
206014_at	51412	ACTL6B	0.893192592766647	0.885650643518139	0.0169420341062971	3.00240707551806	0.662779827660181	1.26169600171389	0.894509694054816
209061_at	8202	NCOA3	0.823459289685805	0.782950454865112	0.01658443673907	2.96380938960767	0.666523361256751	1.23330952533717	0.897368037594455
219841_at	57379	AICDA	0.806370320236354	0.971035973007265	0.0175169011337304	3.01553003383529	0.668592968169821	1.18971005378386	0.897964278417862
202294_at	10274	STAG1	0.887497595788528	1.07043032308515	0.017213169472977	2.93493798418536	0.67501391227544	0.802336804533932	0.903576750034318
219072_at	9274	BCL7C	0.678706740545311	1.06547675742201	0.0188041951175522	2.92574634059048	0.676191798026463	1.2793898546154	0.903576750034318
217836_s_at	55249	YY1AP1	0.832760541469568	0.959775887649802	0.0150699038261328	2.97453649417655	0.678114709908558	1.24742761894394	0.903576750034318
203200_s_at	4552	MTRR	0.75332319413294	1.01747638924047	0.0171945516039714	2.96721030484541	0.68366647601381	1.23270779099512	0.903576750034318
203975_s_at	10036	CHAF1A	0.268820755411557	0.511345822483438	0.0155917174381602	3.12975898616291	0.684929924541777	1.27034542905734	0.903576750034318
202160_at	1387	CREBBP	0.897096656566382	1.25100963181268	0.0168488467095889	2.94928144130829	0.685189066221734	0.797155509448208	0.903576750034318
213188_s_at	84864	MINA	0.80904766297764	1.01903309681248	0.0228737079390519	2.94666963196298	0.685354290894501	0.801520740986448	0.903576750034318
AFFX-HSAC07/X00351_5_at	60	ACTB	0.241430724399279	1.87616368042902	0.0166877077925863	3.24961634089466	0.688379179667609	0.782554093593758	0.903576750034318
203278_s_at	51317	PHF21A	0.879098708010754	1.07264829426188	0.0164281141608938	2.87075745961229	0.688528869298981	0.809735719049458	0.903576750034318
210322_x_at	7404	UTY	0.0781789733690884	0.428736156261624	0.00867766723556374	3.42573997959742	0.690531033327978	1.29087729191341	0.903576750034318
208577_at	8352	HIST1H3C	0.621368729440285	1.46036946703118	0.0163538567893363	2.86570801384806	0.690777877743627	0.809691066236467	0.903576750034318
217088_s_at	9437	NCR1	0.927770393873911	0.87858745057099	0.0190699600299692	2.9160763669758	0.699769820222779	1.23789178589031	0.911737354525831
202182_at	2648	KAT2A	0.23301396468917	0.548156660375668	0.0255190443716505	2.8961079658581	0.700787127423444	1.23704868339847	0.911737354525831
221820_s_at	84148	KAT8	0.226261550292385	0.48579964673883	0.0169368675719969	3.11373642358435	0.702594885600293	1.28810700187732	0.911737354525831
212138_at	23244	PDS5A	0.620581058812887	1.06850551412097	0.0200620040232017	2.8165045550104	0.7049558807756	1.23613986034702	0.911737354525831
202040_s_at	5927	KDM5A	0.279239593484552	0.75997865013779	0.0153185124364738	2.85379758799508	0.705941764777622	0.807481651059092	0.911737354525831
41160_at	53615	MBD3	0.607781028069252	0.893620471941402	0.0145142757716634	2.92958203084706	0.706926789378724	0.812595265431248	0.911737354525831
206013_s_at	51412	ACTL6B	0.649867859953374	0.675841461861987	0.0177356997816224	3.12881464227763	0.709936040831705	1.2544258208083	0.913484136454781
203346_s_at	22823	MTF2	0.341567719771676	0.815197493573645	0.0163926001433402	2.98122993390457	0.712390017826212	0.817248769236725	0.914509976372254
204531_s_at	672	BRCA1	0.51747561517032	1.55239396011202	0.0183949934190606	2.88785214737031	0.716092604863338	0.816895505908736	0.915043390463016
217057_s_at	2778	GNAS	0.641972253913069	0.673827587417561	0.0202055637445295	3.18815319648388	0.716120914275404	1.25107666084327	0.915043390463016
210249_s_at	8648	NCOA1	0.294680143758733	0.755494046780463	0.0170635724391529	2.92036547902263	0.71955844902823	0.82646666980333	0.916395992883328
207956_x_at	23047	PDS5B	0.318646200594966	0.60871979550246	0.0217676217011936	2.87540943376262	0.720499748027834	1.20927245287734	0.916395992883328
209463_s_at	6883	TAF12	0.800095756615731	0.976966669623973	0.0179872929084088	2.95517854862245	0.731335732889661	0.832976185829886	0.920882283417607
214139_at	51742	ARID4B	0.700645887734855	0.944274006625755	0.0156261673724126	2.953849147935	0.7332307382657	0.837951520332258	0.920882283417607
215273_s_at	10474	TADA3	0.754560224047743	1.0386031815981	0.0235049856690908	2.85673655202843	0.734297079153891	1.20944147723385	0.920882283417607
208886_at	3005	H1F0	0.943695271246067	0.884051157180944	0.0171620565404454	2.89629818698434	0.734922226744924	1.19422145779313	0.920882283417607
215071_s_at	8334	HIST1H2AC	0.573192374905716	1.14326756032859	0.0188433233015746	2.83324213286481	0.736127070712979	1.20417344266225	0.920882283417607
210371_s_at	5928	RBBP4	0.865738650579863	0.767848275102453	0.0168620736932898	2.9001814978393	0.737064787889542	1.22689330843719	0.920882283417607
203991_s_at	7403	KDM6A	0.25779202632053	0.566786330040489	0.0151429185635159	3.03331884481863	0.737368949874786	1.20974900030676	0.920882283417607
214865_at	84444	DOT1L	0.890988060765699	0.797237490869967	0.0173523403740058	3.00885012022413	0.740102023763423	1.21457449121988	0.920882283417607
208434_at	2122	MECOM	0.239354781811823	1.62561824550054	0.0164553753054599	2.92124278597586	0.740597531643696	0.850863092472395	0.920882283417607
208859_s_at	546	ATRX	0.42088544437611	0.660334981502217	0.0144809333073453	2.9915470859893	0.740709662748945	1.18114745976101	0.920882283417607
204898_at	8819	SAP30	0.947265443914106	0.909362167462987	0.020276963332124	2.9403868965237	0.747754089932082	1.19122112269327	0.924770463151763
201291_s_at	7153	TOP2A	0.0376494030082436	1.89931977431345	0.0122858786765516	3.01787246638269	0.748690904859244	1.165000677698	0.924770463151763
210027_s_at	328	APEX1	0.585304586734811	1.11895061204108	0.017099788576964	2.88692760273187	0.748863038095721	1.19148160419415	0.924770463151763
206689_x_at	10524	KAT5	0.228774224220669	0.555430275060924	0.0183946884891625	2.9764998746113	0.751857498273048	1.20330083904121	0.925548425940849
209258_s_at	9126	SMC3	0.92812087923377	1.05698443996253	0.0175741169465909	2.88800741858302	0.752846455158408	0.851873414716276	0.925548425940849
212287_at	23512	SUZ12	0.705110591875717	1.23653612995326	0.014846359767998	3.00124017990267	0.756153228038765	0.887876736863067	0.925676336541181
208442_s_at	472	ATM	0.82456469955356	0.964242985786281	0.0213877770935977	2.82061522315193	0.757887603380033	0.852468803983156	0.925676336541181
AFFX-HSAC07/X00351_M_at	60	ACTB	0.137149986752365	2.00606517069011	0.0208070177039551	3.08401892597983	0.760334825479654	0.828418262396536	0.925676336541181
211989_at	6605	SMARCE1	0.875455127700809	1.01197152740443	0.01633007019293	3.0894772700011	0.763241468342309	1.16559241112829	0.925676336541181
209189_at	2353	FOS	0.0694539576472374	1.63031407728467	0.00874707251906492	3.16371830516985	0.76341242410561	1.1630589066629	0.925676336541181
207860_at	9437	NCR1	0.51352870313254	0.816890301592212	0.0177990856723043	2.78086225822087	0.765417018355222	0.841405788610256	0.925676336541181
205215_at	6045	RNF2	0.894976678848613	1.01220292534053	0.0173686318648625	2.91526170285006	0.766086831279904	0.849837889595648	0.925676336541181
202326_at	10919	EHMT2	0.954459965241856	0.905255615885394	0.0176863994367419	2.92236913333345	0.766366097462536	1.18677614391892	0.925676336541181
219198_at	9329	GTF3C4	0.91066480025065	0.821453501997341	0.0170959374100135	3.02436951318367	0.773379074815082	1.17240630493202	0.932107531218177
201073_s_at	6599	SMARCC1	0.549159008059252	0.676190802131542	0.0165460197895693	3.02265771108192	0.775336966937304	1.17087900472343	0.932431385074928
215851_at	2122	MECOM	0.858767399903306	0.775110354897552	0.017049727203633	3.05100855207428	0.779919633758014	1.18962056069874	0.934614577963336
220586_at	80205	CHD9	0.499859080246349	1.24717920330335	0.0206242402627637	2.89736282749536	0.780538623987496	1.16267446110852	0.934614577963336
208547_at	3018	HIST1H2BB	0.949598613857188	0.88276080520573	0.0175591573831629	3.0346696907167	0.785048410851478	1.15109259778033	0.937170445525717
212916_at	23133	PHF8	0.0222289350198723	0.416287524959544	0.0178727818009788	3.00026968753011	0.787890182039346	1.17464719540867	0.937170445525717
213009_s_at	4591	TRIM37	0.543058771204179	1.19894876271402	0.0166543642368769	3.00761607723985	0.788517473276847	1.13562026561415	0.937170445525717
203297_s_at	3720	JARID2	0.916832600748486	0.979003150960962	0.0169679786155946	2.97048127761071	0.791068183323746	1.15343395731375	0.937170445525717
212726_at	5253	PHF2	0.687730587140887	1.10967262447215	0.0195569964738511	2.87291255975499	0.794983005460142	1.14726073803339	0.937170445525717
210858_x_at	472	ATM	0.747320934657597	0.911153495598237	0.0217177230206607	2.81694685357257	0.795488969056132	0.87365700408512	0.937170445525717
212264_s_at	23063	WAPAL	0.958752872225866	1.06738812030508	0.0174219190229045	2.93922746285612	0.796795099740972	0.867301966252245	0.937170445525717
39705_at	23309	SIN3B	0.323680131812455	0.630362463318583	0.018809034103288	2.94392653735937	0.797272363596729	1.14314999609369	0.937170445525717
212615_at	80205	CHD9	0.680503115327786	1.11912253686886	0.0154019685293302	2.99990609435766	0.799709953320127	1.14659376985495	0.937170445525717
218911_at	8089	YEATS4	0.582982744004866	1.19524270697303	0.0160641340247963	3.01523031791126	0.800693838818674	1.12254007357051	0.937170445525717
214534_at	3009	HIST1H1B	0.622788547956041	0.677836615165235	0.025244850764841	2.94850834792699	0.801387327476724	1.1720769232941	0.937170445525717
209106_at	8648	NCOA1	0.95723769316724	1.04122494757163	0.0182971861352152	2.92955731189724	0.804794710395321	0.876177246952813	0.937170445525717
216845_x_at	8085	KMT2D	0.321248496504739	0.739033424496174	0.0153363260512955	2.94245034117045	0.805266867914254	0.879360181489822	0.937170445525717
201092_at	5931	RBBP7	0.863421196172695	1.01037356299873	0.0175863797030449	2.87087635058693	0.807448573723741	0.867783454652162	0.937170445525717
206968_s_at	4798	NFRKB	0.615615387211617	0.71390231995375	0.0148044628984009	3.05130431694038	0.808879978630577	1.14355229170556	0.937170445525717
211352_s_at	8202	NCOA3	0.674625215813282	0.744682477575705	0.0176884579263408	2.92462514158266	0.811056705215431	1.12946286614865	0.937170445525717
202487_s_at	94239	H2AFV	0.128441448046041	1.95507679950159	0.0176667933320754	2.93619840925693	0.812631491055589	0.884878747368329	0.937170445525717
202303_x_at	8467	SMARCA5	0.891484759866286	0.988175858501747	0.017465934777616	2.93369663780838	0.815175382410275	0.888226182347934	0.937170445525717
206543_at	6595	SMARCA2	0.948015415777587	1.0052148619457	0.0197222561258389	2.78538258151638	0.816049554914925	0.885713126949236	0.937170445525717
220594_at	8473	OGT	0.216620927779035	0.711441846128325	0.0170531874817561	2.86245260743406	0.818152235372054	0.893905645979543	0.937170445525717
211804_s_at	1017	CDK2	0.421891273940698	1.28604782623666	0.020595767921605	2.86983268229236	0.81832636728876	1.11694151723457	0.937170445525717
206506_s_at	8464	SUPT3H	0.91582031027855	1.18192844389692	0.0168604649241245	2.91776874461028	0.820887327455943	0.888907451469295	0.938156945663935
213911_s_at	3015	H2AFZ	0.0143332226049089	2.14962413391743	0.0205244538128019	2.78254005900718	0.82314131547162	1.12252539153082	0.938789268884988
AFFX-HSAC07/X00351_3_at	60	ACTB	0.026323924339798	2.0979891401151	0.0222049671921148	2.75007669311532	0.825345223032821	1.14993066690956	0.939361985802303
203183_s_at	6602	SMARCD1	0.165866047166733	0.56718040421569	0.0207247634362544	2.93147569711075	0.830291835867348	1.1199519144867	0.943047517281432
212612_at	23186	RCOR1	0.239392102509821	1.58383983103415	0.0173418666227171	2.96378657478471	0.836275411541385	0.903481691732519	0.94789327961159
208515_at	8342	HIST1H2BM	0.841453110503203	0.808219915220915	0.0197436083076318	2.92792121627669	0.839932893286312	1.11323048335227	0.949118984765344
213983_s_at	23244	PDS5A	0.613444025389034	1.18167485727661	0.0175122331199501	2.90504913376544	0.840795622373647	1.10809884923742	0.949118984765344
203213_at	983	CDK1	0.173473169799414	2.03573413446841	0.0216235126355618	2.90565524278787	0.842557116134416	0.896201488554879	0.949166383890199
208575_at	8350	HIST1H3A	0.860138417038989	0.915143827538557	0.020070049980085	2.81450918100705	0.845746864289432	0.889368235894282	0.949636349825288
202261_at	6944	VPS72	0.845459609101282	1.25221208243775	0.0173946867479623	2.91395804663993	0.846415007452974	0.903083210016821	0.949636349825288
211988_at	6605	SMARCE1	0.847955228165658	1.06785259445199	0.0160975020133048	3.00796358635159	0.850112311927897	1.10031776212697	0.951849890840161
213211_s_at	10629	TAF6L	0.771816158359282	0.869352336508207	0.015698107188125	2.97342417683174	0.854476465091451	0.89524740987086	0.954799612814739
208496_x_at	8355	HIST1H3G	0.797934600551593	1.09886785541926	0.0180431572294214	2.97377965803106	0.858068830294852	1.09017989541612	0.956681369244076
216433_s_at	7799	PRDM2	0.871831041260256	1.06903646635631	0.0180514530941648	2.94980601747407	0.859785932642962	1.08646425731459	0.956681369244076
208572_at	8290	HIST3H3	0.873586123051323	0.830810362675272	0.0184288714498186	2.92897117972678	0.862499362644182	1.09696004864022	0.956681369244076
214644_at	8330	HIST1H2AK	0.433361560258307	1.42360048753517	0.0156401387474183	2.95221232658192	0.865526612596248	0.919220438156935	0.956681369244076
201663_s_at	10051	SMC4	0.0568808906148334	1.85865206520317	0.0098835613462529	3.17464756440847	0.866029881367578	1.09214039380733	0.956681369244076
214397_at	8932	MBD2	0.575545532974776	0.676483421951355	0.0156973797082191	3.18543956533058	0.866559211271808	1.11208095644327	0.956681369244076
217555_at	8243	SMC1A	0.921248500359609	0.859540589583952	0.0181498353855357	2.95496890844436	0.873279765048475	1.0875344487826	0.96215544132667
207158_at	339	APOBEC1	0.831834413958144	0.814045119521402	0.0187373603968098	2.92578915072393	0.875386474416848	1.09294982861951	0.96215544132667
212167_s_at	6598	SMARCB1	0.759774498770195	0.870285482912493	0.0184906835069245	2.90555736759329	0.87674671555673	0.918674842051091	0.96215544132667
212520_s_at	6597	SMARCA4	0.500190193761928	0.710845827880906	0.0179353511315725	2.94366750431056	0.887796876897611	1.07605414546581	0.969403975971192
209107_x_at	8648	NCOA1	0.259111783132961	0.668188392299768	0.0170070138719007	2.95993050225734	0.891574837582113	0.926683810340342	0.969403975971192
214258_x_at	10524	KAT5	0.16168226598154	0.649839174364861	0.0144303466780857	3.01881487289474	0.892955736988055	0.927327965748211	0.969403975971192
32259_at	2145	EZH1	0.145009386461937	0.544480487821901	0.0205184410739866	2.8945449997095	0.893620516495095	1.07477867752609	0.969403975971192
219753_at	10734	STAG3	0.30065560889802	0.574243989217822	0.0192749625042248	3.02603048293071	0.894563316259598	1.08908398191787	0.969403975971192
212493_s_at	29072	SETD2	0.951591532174832	0.972921348392149	0.018957618097997	2.92058595659838	0.896867681395989	0.933097924604093	0.969403975971192
209257_s_at	9126	SMC3	0.916047219616252	1.16155378054914	0.0175005234076722	2.96046743927771	0.897671585757881	0.933070479352851	0.969403975971192
200853_at	3015	H2AFZ	0.00557143454537257	2.43362755882991	0.0197373644391114	2.84702569227692	0.897761070610123	1.06919770045428	0.969403975971192
203743_s_at	6996	TDG	0.798157624788571	1.2373486715379	0.0198984024654381	2.91017733001097	0.900413037310164	0.934465310348585	0.969403975971192
220328_at	80012	PHC3	0.509370417798604	0.762912680875386	0.0156930128879447	2.93111540542615	0.902447110177633	0.929912274551728	0.969403975971192
218338_at	1911	PHC1	0.342169623147222	0.73033416290267	0.0124762211751597	3.04460123135867	0.903137238789357	0.939507876434595	0.969403975971192
214469_at	3012	HIST1H2AE	0.104962816111721	1.61613504392048	0.0177311064067729	2.96897081630079	0.904425810915152	1.06388624869284	0.969403975971192
214360_at	6597	SMARCA4	0.143165134335389	0.57765543346137	0.0109821687367943	3.19316633411888	0.911979511807691	1.06159516086182	0.974037990513396
217563_at	9575	CLOCK	0.223538322661507	0.621694591638313	0.0209822808540631	2.88402713336219	0.9122783353178	1.06093908959376	0.974037990513396
209352_s_at	23309	SIN3B	0.226799713809763	0.639632297888762	0.0179387305011016	2.94899379535887	0.91610016944808	1.05367581971854	0.976230296400271
212307_s_at	8473	OGT	0.578288602379734	0.79508765892426	0.0203943655818346	2.85613338840016	0.919769053294411	0.946848150742291	0.977714729858837
212267_at	23063	WAPAL	0.951349236443534	0.897889674791305	0.0172768579985225	2.94764166390557	0.921035615084412	1.05094761845835	0.977714729858837
215989_at	84733	CBX2	0.906964104524743	1.0643485332337	0.0190395830490804	2.93264332591152	0.925022932658972	1.05531362362137	0.98006268489012
219588_s_at	54892	NCAPG2	0.0657376843316901	1.9002919901046	0.0163187383678218	2.99450616820537	0.928985966258538	1.04287788214391	0.982375964319374
220668_s_at	1789	DNMT3B	0.799261303555116	0.850207845728046	0.0160640500609451	2.9515528625976	0.933446360028735	0.953725399035461	0.984279088478942
220946_s_at	29072	SETD2	0.979391314604531	1.02086086048837	0.017519087292357	2.95902866691346	0.936036258422866	1.04341667919194	0.984279088478942
215623_x_at	10051	SMC4	0.349890796625603	1.57671277565453	0.0168978420158115	2.95592126014637	0.936135002629429	0.956359542941727	0.984279088478942
207611_at	8340	HIST1H2BL	0.654162882587733	0.814376491984636	0.0163500246960336	2.95108873465401	0.938920480430477	0.959361715608539	0.985033877158108
208484_at	3024	HIST1H1A	0.614751142615206	1.25516897015675	0.0181620398578786	2.93646771037894	0.94042183562015	1.04768561191876	0.985033877158108
218878_s_at	23411	SIRT1	0.905570875834412	0.925149651988136	0.0167014076301266	2.97093228538183	0.944537846521101	0.962474165718594	0.985928520564856
203132_at	5925	RB1	0.965995405274555	0.912033184716503	0.0180502574798083	2.90802637278585	0.94484816554132	1.03631835047979	0.985928520564856
205446_s_at	1386	ATF2	0.991802681407529	0.948271805245216	0.0180281093560032	2.94819345933535	0.947954653163908	1.03622604259797	0.986106347968305
213189_at	84864	MINA	0.93486530037605	0.890323758665788	0.0228887048968919	2.85921286535977	0.949401040052648	1.03488072535885	0.986106347968305
208576_s_at	8358	HIST1H3B	0.0186155340286071	1.57677955327858	0.0217184819580645	2.91638996391874	0.950377857099888	1.02735273827753	0.986106347968305
201827_at	6603	SMARCD2	0.934422830320155	1.06914516130309	0.0190413823354761	2.92682043035779	0.953149743468257	1.02824092088849	0.987024253376273
221618_s_at	51616	TAF9B	0.438734238920615	1.41641097021439	0.0207835538594706	2.86557726294266	0.954853468226198	0.971338474702888	0.987024253376273
213336_at	9031	BAZ1B	0.340920317246255	0.679805202702437	0.01965115638069	2.86720520082682	0.956626767312149	0.968880326813961	0.987024253376273
212140_at	23244	PDS5A	0.743439528568854	1.25452307253593	0.0208228660898876	2.89512347634485	0.965931271602377	0.974029871894231	0.993813009829574
208828_at	54107	POLE3	0.933057299441401	1.07912778394794	0.0185529366442404	2.91224015327143	0.966807221518988	1.01988605871058	0.993813009829574
205086_s_at	29781	NCAPH2	0.863995588005192	1.16574820816337	0.0188916325848982	2.90603908124514	0.972243881043689	0.982606357509535	0.994007528000143
208506_at	8968	HIST1H3F	0.769843399918145	1.21599859229844	0.0177995558729396	2.9335592979175	0.972324213115035	0.982450645045463	0.994007528000143
201838_s_at	9913	SUPT7L	0.921958018934161	0.884585860963052	0.0174402003329481	2.94833080150562	0.972398668695792	1.01930110955123	0.994007528000143
212616_at	80205	CHD9	0.932992836858394	1.08909583407604	0.0175919036499603	2.94341444646959	0.975622698682935	1.01727025283332	0.995459759099778
218987_at	55729	ATF7IP	0.229626241159567	0.614818677960237	0.0202052027832365	2.84826816794037	0.977638375532497	0.983849397985037	0.995675983937156
201292_at	7153	TOP2A	0.0131954382751555	2.42727438251412	0.0106143510401151	3.13887499213524	0.981837563103144	1.01152355534753	0.996073093686661
211987_at	7155	TOP2B	0.998157726522584	0.993880616569212	0.018013349299599	2.93314304064751	0.98657683208939	0.991788796538404	0.996073093686661
221617_at	51616	TAF9B	0.999745905004058	1.00856860025414	0.0186868898793353	2.92409703052425	0.986758906473598	0.992139311429458	0.996073093686661
203795_s_at	605	BCL7A	0.698510592900908	0.805305776915097	0.0159223775450912	2.96743745272084	0.987263875784986	0.990596352606701	0.996073093686661
218395_at	64431	ACTR6	0.902225762131635	0.884206523883267	0.0174647529830469	2.9444595758259	0.988050078045952	1.00824145027864	0.996073093686661
207700_s_at	8202	NCOA3	0.382983400641141	0.707876397044643	0.0157508100620076	2.97884984583917	0.988855172717917	1.0070050605389	0.996073093686661
209022_at	10735	STAG2	0.996993852510193	1.02197343573995	0.0180788714946797	2.93465014919656	0.993640826087552	0.995490677003527	0.999070557377648
207563_s_at	8473	OGT	0.651809338867454	0.780951005216444	0.0209864717210057	2.85994689879671	0.996728157431477	1.00228685595925	0.999163832877233
213028_at	4798	NFRKB	0.852060733197531	0.875657536042028	0.0157670717282675	2.98907900967333	0.997353753469847	0.998262118078035	0.999163832877233
200919_at	1912	PHC2	0.906538513573857	0.906396460457054	0.0169728418644094	2.95688208232258	0.999850350491229	0.999902198713806	0.999850350491229
